--
-- PostgreSQL database dump
--

-- Dumped from database version 17.0
-- Dumped by pg_dump version 17.0

SET statement_timeout = 0;
SET lock_timeout = 0;
SET idle_in_transaction_session_timeout = 0;
SET transaction_timeout = 0;
SET client_encoding = 'UTF8';
SET standard_conforming_strings = on;
SELECT pg_catalog.set_config('search_path', '', false);
SET check_function_bodies = false;
SET xmloption = content;
SET client_min_messages = warning;
SET row_security = off;

SET default_tablespace = '';

SET default_table_access_method = heap;

--
-- Name: auth_group; Type: TABLE; Schema: public; Owner: postgres
--

CREATE TABLE public.auth_group (
    id integer NOT NULL,
    name character varying(150) NOT NULL
);


ALTER TABLE public.auth_group OWNER TO postgres;

--
-- Name: auth_group_id_seq; Type: SEQUENCE; Schema: public; Owner: postgres
--

ALTER TABLE public.auth_group ALTER COLUMN id ADD GENERATED BY DEFAULT AS IDENTITY (
    SEQUENCE NAME public.auth_group_id_seq
    START WITH 1
    INCREMENT BY 1
    NO MINVALUE
    NO MAXVALUE
    CACHE 1
);


--
-- Name: auth_group_permissions; Type: TABLE; Schema: public; Owner: postgres
--

CREATE TABLE public.auth_group_permissions (
    id bigint NOT NULL,
    group_id integer NOT NULL,
    permission_id integer NOT NULL
);


ALTER TABLE public.auth_group_permissions OWNER TO postgres;

--
-- Name: auth_group_permissions_id_seq; Type: SEQUENCE; Schema: public; Owner: postgres
--

ALTER TABLE public.auth_group_permissions ALTER COLUMN id ADD GENERATED BY DEFAULT AS IDENTITY (
    SEQUENCE NAME public.auth_group_permissions_id_seq
    START WITH 1
    INCREMENT BY 1
    NO MINVALUE
    NO MAXVALUE
    CACHE 1
);


--
-- Name: auth_permission; Type: TABLE; Schema: public; Owner: postgres
--

CREATE TABLE public.auth_permission (
    id integer NOT NULL,
    name character varying(255) NOT NULL,
    content_type_id integer NOT NULL,
    codename character varying(100) NOT NULL
);


ALTER TABLE public.auth_permission OWNER TO postgres;

--
-- Name: auth_permission_id_seq; Type: SEQUENCE; Schema: public; Owner: postgres
--

ALTER TABLE public.auth_permission ALTER COLUMN id ADD GENERATED BY DEFAULT AS IDENTITY (
    SEQUENCE NAME public.auth_permission_id_seq
    START WITH 1
    INCREMENT BY 1
    NO MINVALUE
    NO MAXVALUE
    CACHE 1
);


--
-- Name: authtoken_token; Type: TABLE; Schema: public; Owner: postgres
--

CREATE TABLE public.authtoken_token (
    key character varying(40) NOT NULL,
    created timestamp with time zone NOT NULL,
    user_id uuid NOT NULL
);


ALTER TABLE public.authtoken_token OWNER TO postgres;

--
-- Name: cart_cart; Type: TABLE; Schema: public; Owner: postgres
--

CREATE TABLE public.cart_cart (
    id bigint NOT NULL,
    created_at timestamp with time zone NOT NULL,
    user_id uuid NOT NULL
);


ALTER TABLE public.cart_cart OWNER TO postgres;

--
-- Name: cart_cart_id_seq; Type: SEQUENCE; Schema: public; Owner: postgres
--

ALTER TABLE public.cart_cart ALTER COLUMN id ADD GENERATED BY DEFAULT AS IDENTITY (
    SEQUENCE NAME public.cart_cart_id_seq
    START WITH 1
    INCREMENT BY 1
    NO MINVALUE
    NO MAXVALUE
    CACHE 1
);


--
-- Name: cart_cartitem; Type: TABLE; Schema: public; Owner: postgres
--

CREATE TABLE public.cart_cartitem (
    id bigint NOT NULL,
    quantity integer NOT NULL,
    cart_id bigint NOT NULL,
    item_id bigint NOT NULL,
    CONSTRAINT cart_cartitem_quantity_check CHECK ((quantity >= 0))
);


ALTER TABLE public.cart_cartitem OWNER TO postgres;

--
-- Name: cart_cartitem_id_seq; Type: SEQUENCE; Schema: public; Owner: postgres
--

ALTER TABLE public.cart_cartitem ALTER COLUMN id ADD GENERATED BY DEFAULT AS IDENTITY (
    SEQUENCE NAME public.cart_cartitem_id_seq
    START WITH 1
    INCREMENT BY 1
    NO MINVALUE
    NO MAXVALUE
    CACHE 1
);


--
-- Name: django_admin_log; Type: TABLE; Schema: public; Owner: postgres
--

CREATE TABLE public.django_admin_log (
    id integer NOT NULL,
    action_time timestamp with time zone NOT NULL,
    object_id text,
    object_repr character varying(200) NOT NULL,
    action_flag smallint NOT NULL,
    change_message text NOT NULL,
    content_type_id integer,
    user_id uuid NOT NULL,
    CONSTRAINT django_admin_log_action_flag_check CHECK ((action_flag >= 0))
);


ALTER TABLE public.django_admin_log OWNER TO postgres;

--
-- Name: django_admin_log_id_seq; Type: SEQUENCE; Schema: public; Owner: postgres
--

ALTER TABLE public.django_admin_log ALTER COLUMN id ADD GENERATED BY DEFAULT AS IDENTITY (
    SEQUENCE NAME public.django_admin_log_id_seq
    START WITH 1
    INCREMENT BY 1
    NO MINVALUE
    NO MAXVALUE
    CACHE 1
);


--
-- Name: django_content_type; Type: TABLE; Schema: public; Owner: postgres
--

CREATE TABLE public.django_content_type (
    id integer NOT NULL,
    app_label character varying(100) NOT NULL,
    model character varying(100) NOT NULL
);


ALTER TABLE public.django_content_type OWNER TO postgres;

--
-- Name: django_content_type_id_seq; Type: SEQUENCE; Schema: public; Owner: postgres
--

ALTER TABLE public.django_content_type ALTER COLUMN id ADD GENERATED BY DEFAULT AS IDENTITY (
    SEQUENCE NAME public.django_content_type_id_seq
    START WITH 1
    INCREMENT BY 1
    NO MINVALUE
    NO MAXVALUE
    CACHE 1
);


--
-- Name: django_migrations; Type: TABLE; Schema: public; Owner: postgres
--

CREATE TABLE public.django_migrations (
    id bigint NOT NULL,
    app character varying(255) NOT NULL,
    name character varying(255) NOT NULL,
    applied timestamp with time zone NOT NULL
);


ALTER TABLE public.django_migrations OWNER TO postgres;

--
-- Name: django_migrations_id_seq; Type: SEQUENCE; Schema: public; Owner: postgres
--

ALTER TABLE public.django_migrations ALTER COLUMN id ADD GENERATED BY DEFAULT AS IDENTITY (
    SEQUENCE NAME public.django_migrations_id_seq
    START WITH 1
    INCREMENT BY 1
    NO MINVALUE
    NO MAXVALUE
    CACHE 1
);


--
-- Name: django_session; Type: TABLE; Schema: public; Owner: postgres
--

CREATE TABLE public.django_session (
    session_key character varying(40) NOT NULL,
    session_data text NOT NULL,
    expire_date timestamp with time zone NOT NULL
);


ALTER TABLE public.django_session OWNER TO postgres;

--
-- Name: saved_items_saveditem; Type: TABLE; Schema: public; Owner: postgres
--

CREATE TABLE public.saved_items_saveditem (
    id bigint NOT NULL,
    item_id bigint NOT NULL,
    user_id uuid NOT NULL
);


ALTER TABLE public.saved_items_saveditem OWNER TO postgres;

--
-- Name: saved_items_saveditem_id_seq; Type: SEQUENCE; Schema: public; Owner: postgres
--

ALTER TABLE public.saved_items_saveditem ALTER COLUMN id ADD GENERATED BY DEFAULT AS IDENTITY (
    SEQUENCE NAME public.saved_items_saveditem_id_seq
    START WITH 1
    INCREMENT BY 1
    NO MINVALUE
    NO MAXVALUE
    CACHE 1
);


--
-- Name: shop_item; Type: TABLE; Schema: public; Owner: postgres
--

CREATE TABLE public.shop_item (
    id bigint NOT NULL,
    name character varying(50) NOT NULL,
    price double precision NOT NULL,
    image_url character varying(500)
);


ALTER TABLE public.shop_item OWNER TO postgres;

--
-- Name: shop_item_id_seq; Type: SEQUENCE; Schema: public; Owner: postgres
--

ALTER TABLE public.shop_item ALTER COLUMN id ADD GENERATED BY DEFAULT AS IDENTITY (
    SEQUENCE NAME public.shop_item_id_seq
    START WITH 1
    INCREMENT BY 1
    NO MINVALUE
    NO MAXVALUE
    CACHE 1
);


--
-- Name: user_customuser; Type: TABLE; Schema: public; Owner: postgres
--

CREATE TABLE public.user_customuser (
    password character varying(128) NOT NULL,
    is_superuser boolean NOT NULL,
    id uuid NOT NULL,
    email character varying(254) NOT NULL,
    first_name character varying(50) NOT NULL,
    last_name character varying(50) NOT NULL,
    is_active boolean NOT NULL,
    is_staff boolean NOT NULL,
    date_joined timestamp with time zone NOT NULL,
    last_login timestamp with time zone NOT NULL
);


ALTER TABLE public.user_customuser OWNER TO postgres;

--
-- Name: user_customuser_groups; Type: TABLE; Schema: public; Owner: postgres
--

CREATE TABLE public.user_customuser_groups (
    id bigint NOT NULL,
    customuser_id uuid NOT NULL,
    group_id integer NOT NULL
);


ALTER TABLE public.user_customuser_groups OWNER TO postgres;

--
-- Name: user_customuser_groups_id_seq; Type: SEQUENCE; Schema: public; Owner: postgres
--

ALTER TABLE public.user_customuser_groups ALTER COLUMN id ADD GENERATED BY DEFAULT AS IDENTITY (
    SEQUENCE NAME public.user_customuser_groups_id_seq
    START WITH 1
    INCREMENT BY 1
    NO MINVALUE
    NO MAXVALUE
    CACHE 1
);


--
-- Name: user_customuser_user_permissions; Type: TABLE; Schema: public; Owner: postgres
--

CREATE TABLE public.user_customuser_user_permissions (
    id bigint NOT NULL,
    customuser_id uuid NOT NULL,
    permission_id integer NOT NULL
);


ALTER TABLE public.user_customuser_user_permissions OWNER TO postgres;

--
-- Name: user_customuser_user_permissions_id_seq; Type: SEQUENCE; Schema: public; Owner: postgres
--

ALTER TABLE public.user_customuser_user_permissions ALTER COLUMN id ADD GENERATED BY DEFAULT AS IDENTITY (
    SEQUENCE NAME public.user_customuser_user_permissions_id_seq
    START WITH 1
    INCREMENT BY 1
    NO MINVALUE
    NO MAXVALUE
    CACHE 1
);


--
-- Data for Name: auth_group; Type: TABLE DATA; Schema: public; Owner: postgres
--

COPY public.auth_group (id, name) FROM stdin;
\.


--
-- Data for Name: auth_group_permissions; Type: TABLE DATA; Schema: public; Owner: postgres
--

COPY public.auth_group_permissions (id, group_id, permission_id) FROM stdin;
\.


--
-- Data for Name: auth_permission; Type: TABLE DATA; Schema: public; Owner: postgres
--

COPY public.auth_permission (id, name, content_type_id, codename) FROM stdin;
1	Can add log entry	1	add_logentry
2	Can change log entry	1	change_logentry
3	Can delete log entry	1	delete_logentry
4	Can view log entry	1	view_logentry
5	Can add permission	2	add_permission
6	Can change permission	2	change_permission
7	Can delete permission	2	delete_permission
8	Can view permission	2	view_permission
9	Can add group	3	add_group
10	Can change group	3	change_group
11	Can delete group	3	delete_group
12	Can view group	3	view_group
13	Can add content type	4	add_contenttype
14	Can change content type	4	change_contenttype
15	Can delete content type	4	delete_contenttype
16	Can view content type	4	view_contenttype
17	Can add session	5	add_session
18	Can change session	5	change_session
19	Can delete session	5	delete_session
20	Can view session	5	view_session
21	Can add Token	6	add_token
22	Can change Token	6	change_token
23	Can delete Token	6	delete_token
24	Can view Token	6	view_token
25	Can add Token	7	add_tokenproxy
26	Can change Token	7	change_tokenproxy
27	Can delete Token	7	delete_tokenproxy
28	Can view Token	7	view_tokenproxy
29	Can add user	8	add_customuser
30	Can change user	8	change_customuser
31	Can delete user	8	delete_customuser
32	Can view user	8	view_customuser
33	Can add item	9	add_item
34	Can change item	9	change_item
35	Can delete item	9	delete_item
36	Can view item	9	view_item
37	Can add saved item	10	add_saveditem
38	Can change saved item	10	change_saveditem
39	Can delete saved item	10	delete_saveditem
40	Can view saved item	10	view_saveditem
41	Can add cart	11	add_cart
42	Can change cart	11	change_cart
43	Can delete cart	11	delete_cart
44	Can view cart	11	view_cart
45	Can add cart item	12	add_cartitem
46	Can change cart item	12	change_cartitem
47	Can delete cart item	12	delete_cartitem
48	Can view cart item	12	view_cartitem
\.


--
-- Data for Name: authtoken_token; Type: TABLE DATA; Schema: public; Owner: postgres
--

COPY public.authtoken_token (key, created, user_id) FROM stdin;
74bd43e7760b516b6c089f5f1b23f96ae8a361c4	2024-10-12 12:33:38.803244+01	25c4c1f1-ee69-4c18-99d3-0f1d8ba6ccf3
2a141766133958cf4aa4a48c65aa979a39c5368d	2024-10-16 08:51:16.911807+01	1b1dca79-1367-4e38-aae2-1358d3ceaabe
d652cd89eb48f7cd8db827eade913be5d596d566	2024-10-17 14:07:40.534959+01	91137df0-d0ea-4755-98a5-bce36d50529c
2d6fdcb74aa081d73b2738aba8f94b1ece366a81	2024-10-29 11:12:58.357345+01	466f04d9-eccf-41ee-b276-66c0a1678f46
\.


--
-- Data for Name: cart_cart; Type: TABLE DATA; Schema: public; Owner: postgres
--

COPY public.cart_cart (id, created_at, user_id) FROM stdin;
7	2024-10-18 10:48:59.806826+01	466f04d9-eccf-41ee-b276-66c0a1678f46
\.


--
-- Data for Name: cart_cartitem; Type: TABLE DATA; Schema: public; Owner: postgres
--

COPY public.cart_cartitem (id, quantity, cart_id, item_id) FROM stdin;
\.


--
-- Data for Name: django_admin_log; Type: TABLE DATA; Schema: public; Owner: postgres
--

COPY public.django_admin_log (id, action_time, object_id, object_repr, action_flag, change_message, content_type_id, user_id) FROM stdin;
1	2024-10-11 15:51:25.614766+01	1	Nike ACG Air Zoom Gaiadome GORE-TEX	1	[{"added": {}}]	9	466f04d9-eccf-41ee-b276-66c0a1678f46
2	2024-10-11 15:52:29.953074+01	2	Nike Air DT Max '96	1	[{"added": {}}]	9	466f04d9-eccf-41ee-b276-66c0a1678f46
3	2024-10-11 15:53:44.984655+01	3	KD17 "Sunrise"	1	[{"added": {}}]	9	466f04d9-eccf-41ee-b276-66c0a1678f46
4	2024-10-11 15:54:58.185413+01	4	Nike Metcon 9 AMP	1	[{"added": {}}]	9	466f04d9-eccf-41ee-b276-66c0a1678f46
5	2024-10-11 15:56:25.881691+01	5	Luka 3 "Blurred Vision"	1	[{"added": {}}]	9	466f04d9-eccf-41ee-b276-66c0a1678f46
6	2024-10-11 15:58:21.95804+01	5	Luka 3 "Blurred Vision"	2	[]	9	466f04d9-eccf-41ee-b276-66c0a1678f46
7	2024-10-17 14:06:47.469795+01	7f2d8827-e5f8-4791-b606-517e977af656	Andrew Tate	3		8	466f04d9-eccf-41ee-b276-66c0a1678f46
8	2024-10-18 14:57:09.464553+01	6	Luka 3 "Speedway"	1	[{"added": {}}]	9	466f04d9-eccf-41ee-b276-66c0a1678f46
9	2024-10-18 14:58:17.220144+01	7	Luka 3 "Motorsport"	1	[{"added": {}}]	9	466f04d9-eccf-41ee-b276-66c0a1678f46
10	2024-10-18 14:59:05.358741+01	8	Luka 3 "Photo Finish"	1	[{"added": {}}]	9	466f04d9-eccf-41ee-b276-66c0a1678f46
11	2024-10-18 15:00:37.850871+01	9	Nike Air Max DN SE	1	[{"added": {}}]	9	466f04d9-eccf-41ee-b276-66c0a1678f46
12	2024-10-18 15:05:46.575518+01	10	Nike Air Max DN SP	1	[{"added": {}}]	9	466f04d9-eccf-41ee-b276-66c0a1678f46
13	2024-10-18 15:06:58.457359+01	11	Sabrina 2	1	[{"added": {}}]	9	466f04d9-eccf-41ee-b276-66c0a1678f46
14	2024-10-18 15:07:37.551609+01	12	Nike Savaleos	1	[{"added": {}}]	9	466f04d9-eccf-41ee-b276-66c0a1678f46
15	2024-10-18 15:08:20.322931+01	13	Nike Romaleos 4	1	[{"added": {}}]	9	466f04d9-eccf-41ee-b276-66c0a1678f46
16	2024-10-18 15:12:09.453044+01	14	Nike Reax 8 TR	1	[{"added": {}}]	9	466f04d9-eccf-41ee-b276-66c0a1678f46
17	2024-10-18 15:13:43.583732+01	15	Nike P-6000	1	[{"added": {}}]	9	466f04d9-eccf-41ee-b276-66c0a1678f46
18	2024-10-18 15:16:01.181649+01	16	Nike Lunar Roam	1	[{"added": {}}]	9	466f04d9-eccf-41ee-b276-66c0a1678f46
19	2024-10-18 15:17:51.485675+01	17	Nike Free Run "Next Nature"	1	[{"added": {}}]	9	466f04d9-eccf-41ee-b276-66c0a1678f46
20	2024-10-18 15:26:36.941115+01	18	Nike Air Max 95 Premium	1	[{"added": {}}]	9	466f04d9-eccf-41ee-b276-66c0a1678f46
21	2024-10-18 15:28:23.74532+01	19	Nike Air Max 1 Essential	1	[{"added": {}}]	9	466f04d9-eccf-41ee-b276-66c0a1678f46
22	2024-10-18 15:31:33.381507+01	20	LeBron XXI "Queen Conch"	1	[{"added": {}}]	9	466f04d9-eccf-41ee-b276-66c0a1678f46
23	2024-10-18 15:33:39.871923+01	21	Lebron Witness 8	1	[{"added": {}}]	9	466f04d9-eccf-41ee-b276-66c0a1678f46
24	2024-10-18 15:34:24.211808+01	22	Kobe VIII Protro	1	[{"added": {}}]	9	466f04d9-eccf-41ee-b276-66c0a1678f46
25	2024-10-18 15:35:20.21694+01	23	KD15	1	[{"added": {}}]	9	466f04d9-eccf-41ee-b276-66c0a1678f46
26	2024-10-18 15:37:33.570236+01	24	Zion 3	1	[{"added": {}}]	9	466f04d9-eccf-41ee-b276-66c0a1678f46
27	2024-10-18 15:38:17.556079+01	25	Jordan "True Flight"	1	[{"added": {}}]	9	466f04d9-eccf-41ee-b276-66c0a1678f46
28	2024-10-18 15:38:57.263025+01	26	Tatum 3 "Welcome to the Garden"	1	[{"added": {}}]	9	466f04d9-eccf-41ee-b276-66c0a1678f46
29	2024-10-18 15:43:07.312629+01	27	Tatum 2 "Red Cement"	1	[{"added": {}}]	9	466f04d9-eccf-41ee-b276-66c0a1678f46
30	2024-10-18 15:43:46.747496+01	28	Tatum 2 "Vortex"	1	[{"added": {}}]	9	466f04d9-eccf-41ee-b276-66c0a1678f46
31	2024-10-18 15:46:48.813926+01	29	Jordan Retro 6 G	1	[{"added": {}}]	9	466f04d9-eccf-41ee-b276-66c0a1678f46
32	2024-10-18 15:48:41.757943+01	30	Jordan 6 Rings	1	[{"added": {}}]	9	466f04d9-eccf-41ee-b276-66c0a1678f46
33	2024-10-18 15:50:21.392509+01	31	Jordan Jumpman MVP	1	[{"added": {}}]	9	466f04d9-eccf-41ee-b276-66c0a1678f46
34	2024-10-18 15:53:04.932009+01	32	Jordan Hydro 4 Retro	1	[{"added": {}}]	9	466f04d9-eccf-41ee-b276-66c0a1678f46
35	2024-10-18 15:54:42.780647+01	33	Ja 1 "Bite"	1	[{"added": {}}]	9	466f04d9-eccf-41ee-b276-66c0a1678f46
36	2024-10-18 15:55:10.374045+01	34	Ja 1 "Vacation"	1	[{"added": {}}]	9	466f04d9-eccf-41ee-b276-66c0a1678f46
37	2024-10-18 15:55:41.961006+01	35	Ja 1 "Scratch"	1	[{"added": {}}]	9	466f04d9-eccf-41ee-b276-66c0a1678f46
38	2024-10-18 15:58:14.262785+01	36	Ja 1 "Wet Cement"	1	[{"added": {}}]	9	466f04d9-eccf-41ee-b276-66c0a1678f46
39	2024-10-18 16:04:16.662588+01	37	Giannis Immortality 4 "Halloween"	1	[{"added": {}}]	9	466f04d9-eccf-41ee-b276-66c0a1678f46
40	2024-10-18 16:04:56.152153+01	38	Giannis Immortality 4	1	[{"added": {}}]	9	466f04d9-eccf-41ee-b276-66c0a1678f46
41	2024-10-18 16:05:31.564945+01	39	Giannis Immortality 3	1	[{"added": {}}]	9	466f04d9-eccf-41ee-b276-66c0a1678f46
42	2024-10-18 16:06:10.587422+01	40	Giannis Freak 6	1	[{"added": {}}]	9	466f04d9-eccf-41ee-b276-66c0a1678f46
43	2024-10-18 16:10:24.507245+01	41	Nike Air Monarch IV	1	[{"added": {}}]	9	466f04d9-eccf-41ee-b276-66c0a1678f46
44	2024-10-18 16:11:09.535577+01	42	Nike Air More Uptempo Low	1	[{"added": {}}]	9	466f04d9-eccf-41ee-b276-66c0a1678f46
45	2024-10-18 16:12:08.386109+01	43	Nike Air Max Goadome	1	[{"added": {}}]	9	466f04d9-eccf-41ee-b276-66c0a1678f46
46	2024-10-18 16:13:17.235291+01	44	Nike Air Max DN	1	[{"added": {}}]	9	466f04d9-eccf-41ee-b276-66c0a1678f46
47	2024-10-18 16:14:27.551229+01	45	Air Jordan XXXVIII Low	1	[{"added": {}}]	9	466f04d9-eccf-41ee-b276-66c0a1678f46
48	2024-10-18 16:20:28.951452+01	46	Air Jordan 1 Mid	1	[{"added": {}}]	9	466f04d9-eccf-41ee-b276-66c0a1678f46
49	2024-10-18 16:22:42.0798+01	47	Air Jordan 4 Retro "Oxidized Green"	1	[{"added": {}}]	9	466f04d9-eccf-41ee-b276-66c0a1678f46
50	2024-10-18 16:26:40.946313+01	48	Air Jordan 1 High G	1	[{"added": {}}]	9	466f04d9-eccf-41ee-b276-66c0a1678f46
51	2024-10-18 16:27:40.936761+01	49	Nike Air Zoom Spiridon Cage 2	1	[{"added": {}}]	9	466f04d9-eccf-41ee-b276-66c0a1678f46
52	2024-10-18 16:31:44.28811+01	50	Nike Pegasus 41 GORE-TEX	1	[{"added": {}}]	9	466f04d9-eccf-41ee-b276-66c0a1678f46
53	2024-10-18 16:34:16.0778+01	35	Ja 1 "Scratch"	2	[{"changed": {"fields": ["Image url"]}}]	9	466f04d9-eccf-41ee-b276-66c0a1678f46
54	2024-10-18 16:37:09.045736+01	46	Air Jordan 1 Mid	2	[{"changed": {"fields": ["Image url"]}}]	9	466f04d9-eccf-41ee-b276-66c0a1678f46
\.


--
-- Data for Name: django_content_type; Type: TABLE DATA; Schema: public; Owner: postgres
--

COPY public.django_content_type (id, app_label, model) FROM stdin;
1	admin	logentry
2	auth	permission
3	auth	group
4	contenttypes	contenttype
5	sessions	session
6	authtoken	token
7	authtoken	tokenproxy
8	user	customuser
9	shop	item
10	saved_items	saveditem
11	cart	cart
12	cart	cartitem
\.


--
-- Data for Name: django_migrations; Type: TABLE DATA; Schema: public; Owner: postgres
--

COPY public.django_migrations (id, app, name, applied) FROM stdin;
1	contenttypes	0001_initial	2024-10-11 15:43:53.439694+01
2	contenttypes	0002_remove_content_type_name	2024-10-11 15:43:53.68105+01
3	auth	0001_initial	2024-10-11 15:43:53.915573+01
4	auth	0002_alter_permission_name_max_length	2024-10-11 15:43:53.925367+01
5	auth	0003_alter_user_email_max_length	2024-10-11 15:43:53.932881+01
6	auth	0004_alter_user_username_opts	2024-10-11 15:43:53.940286+01
7	auth	0005_alter_user_last_login_null	2024-10-11 15:43:53.946506+01
8	auth	0006_require_contenttypes_0002	2024-10-11 15:43:53.949758+01
9	auth	0007_alter_validators_add_error_messages	2024-10-11 15:43:53.963643+01
10	auth	0008_alter_user_username_max_length	2024-10-11 15:43:53.972115+01
11	auth	0009_alter_user_last_name_max_length	2024-10-11 15:43:53.983303+01
12	auth	0010_alter_group_name_max_length	2024-10-11 15:43:54.008818+01
13	auth	0011_update_proxy_permissions	2024-10-11 15:43:54.017659+01
14	auth	0012_alter_user_first_name_max_length	2024-10-11 15:43:54.026383+01
15	user	0001_initial	2024-10-11 15:43:54.230738+01
16	admin	0001_initial	2024-10-11 15:43:54.285586+01
17	admin	0002_logentry_remove_auto_add	2024-10-11 15:43:54.292935+01
18	admin	0003_logentry_add_action_flag_choices	2024-10-11 15:43:54.29956+01
19	authtoken	0001_initial	2024-10-11 15:43:54.323676+01
20	authtoken	0002_auto_20160226_1747	2024-10-11 15:43:54.368642+01
21	authtoken	0003_tokenproxy	2024-10-11 15:43:54.375007+01
22	authtoken	0004_alter_tokenproxy_options	2024-10-11 15:43:54.379861+01
23	shop	0001_initial	2024-10-11 15:43:54.387955+01
24	shop	0002_remove_item_description	2024-10-11 15:43:54.393226+01
25	cart	0001_initial	2024-10-11 15:43:54.505977+01
26	saved_items	0001_initial	2024-10-11 15:43:54.553436+01
27	sessions	0001_initial	2024-10-11 15:43:54.570081+01
28	shop	0003_remove_item_display_pic_item_image_url	2024-10-11 15:43:54.60939+01
29	user	0002_remove_customuser_username	2024-10-11 15:43:54.642251+01
\.


--
-- Data for Name: django_session; Type: TABLE DATA; Schema: public; Owner: postgres
--

COPY public.django_session (session_key, session_data, expire_date) FROM stdin;
ry2ldn0oxwqupurumoe0n5jaj5k6eq3s	.eJxVjjsOwjAQRO_iGlv-sbYp6TlD5F2vSQDFUj4V4u4kUgqo572ZeYsur0vfrTNP3VDERXiAqn1Jkomq9IZZog0gAUhnAyFWD-L0q2GmJ4-7Wx55vDdFbVymAdWOqCOd1a0Vfl0P9q-gz3O_2RHBB2fpzBg0UsoOwRk22sRt2HIiTLVu78BbSBVKgqBdDMZxJdRZfL71g0D3:1szGud:BAYWrdQC1ybTJNs5BJCcNEzFGZR4Uvlz_z7ZxcwxgWY	2024-10-25 15:46:39.682177+01
\.


--
-- Data for Name: saved_items_saveditem; Type: TABLE DATA; Schema: public; Owner: postgres
--

COPY public.saved_items_saveditem (id, item_id, user_id) FROM stdin;
3	5	466f04d9-eccf-41ee-b276-66c0a1678f46
4	2	466f04d9-eccf-41ee-b276-66c0a1678f46
6	4	903372f5-da9c-4ddb-9cab-f0133270ae91
7	2	31d32361-efa7-4198-8460-fe1cf2787da4
9	26	466f04d9-eccf-41ee-b276-66c0a1678f46
10	43	466f04d9-eccf-41ee-b276-66c0a1678f46
11	28	466f04d9-eccf-41ee-b276-66c0a1678f46
12	41	466f04d9-eccf-41ee-b276-66c0a1678f46
\.


--
-- Data for Name: shop_item; Type: TABLE DATA; Schema: public; Owner: postgres
--

COPY public.shop_item (id, name, price, image_url) FROM stdin;
1	Nike ACG Air Zoom Gaiadome GORE-TEX	172.97	https://res.cloudinary.com/dpfgyed4e/image/upload/v1728284647/ACG_ZOOM_GAIADOME_GORETEX_z9cuta.webp
2	Nike Air DT Max '96	170	https://res.cloudinary.com/dpfgyed4e/image/upload/v1728289577/AIR_DT_MAX_96_xemt8e.webp
3	KD17 "Sunrise"	123.97	https://res.cloudinary.com/dpfgyed4e/image/upload/v1728284670/KD17_SUNRISE_wzdqus.webp
4	Nike Metcon 9 AMP	112.97	https://res.cloudinary.com/dpfgyed4e/image/upload/v1728284688/NIKE_METCON_9_AMP_asqo8a.webp
5	Luka 3 "Blurred Vision"	130	https://res.cloudinary.com/dpfgyed4e/image/upload/v1728284669/JORDAN_LUKA_3_ogpkj5.webp
6	Luka 3 "Speedway"	130	https://res.cloudinary.com/dpfgyed4e/image/upload/v1728287892/JORDAN_LUKA_3_SPEEDWAY_erugad.webp
7	Luka 3 "Motorsport"	130	https://res.cloudinary.com/dpfgyed4e/image/upload/v1728287892/JORDAN_LUKA_3_MOTORSPORT_bajtrc.webp
8	Luka 3 "Photo Finish"	130	https://res.cloudinary.com/dpfgyed4e/image/upload/v1728287892/JORDAN_LUKA_3_PHOTO_FINISH_dqnf6r.webp
9	Nike Air Max DN SE	170	https://res.cloudinary.com/dpfgyed4e/image/upload/v1728292760/AIR_MAX_DN_SE_p25e57.webp
10	Nike Air Max DN SP	160	https://res.cloudinary.com/dpfgyed4e/image/upload/v1728288950/NIKE_AIR_MAX_DN_SP_uyjfpo.webp
11	Sabrina 2	130	https://res.cloudinary.com/dpfgyed4e/image/upload/v1728284692/SABRINA_2_rwq2r1.webp
12	Nike Savaleos	125	https://res.cloudinary.com/dpfgyed4e/image/upload/v1728284691/NIKE_SAVALEOS_kuklr4.webp
13	Nike Romaleos 4	200	https://res.cloudinary.com/dpfgyed4e/image/upload/v1728284691/NIKE_ROMALEOS_4_mdo2b5.webp
14	Nike Reax 8 TR	90	https://res.cloudinary.com/dpfgyed4e/image/upload/v1728284691/NIKE_REAX_8_TR_MESH_njgzmm.webp
15	Nike P-6000	84.97	https://res.cloudinary.com/dpfgyed4e/image/upload/v1728285763/NIKE_P-6000_nfull3.webp
16	Nike Lunar Roam	119.97	https://res.cloudinary.com/dpfgyed4e/image/upload/v1728286439/NIKE_LUNAR_ROAM_u1bwtc.webp
17	Nike Free Run "Next Nature"	77.97	https://res.cloudinary.com/dpfgyed4e/image/upload/v1728284686/NIKE_FREE_RN_5.0_NEXT_NATURE_vswkrv.webp
18	Nike Air Max 95 Premium	190	https://res.cloudinary.com/dpfgyed4e/image/upload/v1728284685/NIKE_AIR_MAX_95_PRM_w4q8gq.webp
19	Nike Air Max 1 Essential	140	https://res.cloudinary.com/dpfgyed4e/image/upload/v1728284684/NIKE_AIR_MAX_1_bfi0it.webp
20	LeBron XXI "Queen Conch"	99.97	https://res.cloudinary.com/dpfgyed4e/image/upload/v1728284673/LEBRON_XXI_amnhxt.webp
21	Lebron Witness 8	67.97	https://res.cloudinary.com/dpfgyed4e/image/upload/v1728284670/LEBRON_WITNESS_VIII_szcbak.webp
22	Kobe VIII Protro	180	https://res.cloudinary.com/dpfgyed4e/image/upload/v1728284670/KOBE_VIII_PROTRO_jxaxfh.webp
23	KD15	112.97	https://res.cloudinary.com/dpfgyed4e/image/upload/v1728284669/KD15_xxzz5p.webp
24	Zion 3	77.97	https://res.cloudinary.com/dpfgyed4e/image/upload/v1728284669/JORDAN_ZION_3_d4lblu.webp
25	Jordan "True Flight"	97.97	https://res.cloudinary.com/dpfgyed4e/image/upload/v1728284669/JORDAN_TRUE_FLIGHT_b53drb.webp
26	Tatum 3 "Welcome to the Garden"	125	https://res.cloudinary.com/dpfgyed4e/image/upload/v1728284669/JORDAN_TATUM_3_zgrdux.webp
27	Tatum 2 "Red Cement"	105	https://res.cloudinary.com/dpfgyed4e/image/upload/v1728284669/JORDAN_TATUM_2_vxfjun.webp
28	Tatum 2 "Vortex"	90	https://res.cloudinary.com/dpfgyed4e/image/upload/v1728284669/JORDAN_TATUM_2_VORTEX_q6el7k.webp
29	Jordan Retro 6 G	134.97	https://res.cloudinary.com/dpfgyed4e/image/upload/v1728284669/JORDAN_RETRO_6_G_ka8mit.webp
30	Jordan 6 Rings	153.97	https://res.cloudinary.com/dpfgyed4e/image/upload/v1728284650/JORDAN_6_RINGS_hk13ga.webp
31	Jordan Jumpman MVP	165	https://res.cloudinary.com/dpfgyed4e/image/upload/v1728284669/JORDAN_MVP_cexwfg.webp
32	Jordan Hydro 4 Retro	55.97	https://res.cloudinary.com/dpfgyed4e/image/upload/v1728284650/JORDAN_HYDRO_IV_RETRO_ltn2bl.webp
33	Ja 1 "Bite"	102.97	https://res.cloudinary.com/dpfgyed4e/image/upload/v1728284650/JA_1_BITE_mxuk58.webp
34	Ja 1 "Vacation"	80.97	https://res.cloudinary.com/dpfgyed4e/image/upload/v1728306754/JA_1_VACATION_kuiszl.webp
36	Ja 1 "Wet Cement"	89.97	https://res.cloudinary.com/dpfgyed4e/image/upload/v1728288357/JA_1_GS_qlz1ax.webp
37	Giannis Immortality 4 "Halloween"	85	https://res.cloudinary.com/dpfgyed4e/image/upload/v1729263800/GIANNIS_IMMORTALITY_4_z26wea.jpg
38	Giannis Immortality 4	85	https://res.cloudinary.com/dpfgyed4e/image/upload/v1728284650/GIANNIS_IMMORTALITY_4_nxadq5.webp
39	Giannis Immortality 3	69.97	https://res.cloudinary.com/dpfgyed4e/image/upload/v1728284649/GIANNIS_IMMORTALITY_3_unohmr.webp
40	Giannis Freak 6	150	https://res.cloudinary.com/dpfgyed4e/image/upload/v1728284649/GIANNIS_FREAK_6NRG_avrkob.webp
41	Nike Air Monarch IV	80	https://res.cloudinary.com/dpfgyed4e/image/upload/v1728284649/AIR_MONARCH_IV_xzrzgw.webp
42	Nike Air More Uptempo Low	160	https://res.cloudinary.com/dpfgyed4e/image/upload/v1728284649/AIR_MORE_UPTEMPO_LOW_sezgfx.webp
43	Nike Air Max Goadome	143.97	https://res.cloudinary.com/dpfgyed4e/image/upload/v1728289096/AIR_MAX_GOADOME_dadvka.webp
44	Nike Air Max DN	160	https://res.cloudinary.com/dpfgyed4e/image/upload/v1728284648/AIR_MAX_DN_jkp2ky.webp
45	Air Jordan XXXVIII Low	113.97	https://res.cloudinary.com/dpfgyed4e/image/upload/v1728284648/AIR_JORDAN_XXXVIII_LOW_ewhhtn.webp
47	Air Jordan 4 Retro "Oxidized Green"	215	https://res.cloudinary.com/dpfgyed4e/image/upload/v1728284648/AIR_JORDAN_4_RETRO_wcxryo.webp
48	Air Jordan 1 High G	131.97	https://res.cloudinary.com/dpfgyed4e/image/upload/v1728284647/AIR_JORDAN_1_HIGH_G_NRG_igetft.webp
49	Nike Air Zoom Spiridon Cage 2	170	https://res.cloudinary.com/dpfgyed4e/image/upload/v1728284647/AIR_ZOOM_SPIRIDON_CAGE_2_g28jg2.webp
35	Ja 1 "Scratch"	94.97	https://res.cloudinary.com/dpfgyed4e/image/upload/v1729265626/JA_1_SCRATCH_dshgym.jpg
46	Air Jordan 1 Mid	94.97	https://res.cloudinary.com/dpfgyed4e/image/upload/v1729265815/AIR_JORDAN_1_MID_BG_cqhrea.jpg
50	Nike Pegasus 41 GORE-TEX	160	https://res.cloudinary.com/dpfgyed4e/image/upload/v1728284647/AIR_ZM_PEGASUS_41_GTX_xusymo.webp
\.


--
-- Data for Name: user_customuser; Type: TABLE DATA; Schema: public; Owner: postgres
--

COPY public.user_customuser (password, is_superuser, id, email, first_name, last_name, is_active, is_staff, date_joined, last_login) FROM stdin;
pbkdf2_sha256$870000$U7dJqqz4uw7aK1Idv0JDMU$/0gPjJAntQzKdAgXrX1xqwJZZ0YdXXoAH85lNnm4prk=	t	466f04d9-eccf-41ee-b276-66c0a1678f46	adedayoeyiladeogo22@gmail.com	Eyiladeogo	Adedayo	t	t	2024-10-11 15:45:00.871406+01	2024-10-11 15:46:39.500923+01
pbkdf2_sha256$870000$rfC0iGCCttL6UEXvEpaKru$0fyuJEO03iUAvwgnj8KjpuvIY0qjgR69h6CYZAeYAKQ=	f	837e3501-236b-4190-bd88-a829354f3704	kayuskonsult@gmail.com	Kayode	Adedayo	t	f	2024-10-12 12:28:23.028093+01	2024-10-12 12:28:23.028093+01
pbkdf2_sha256$870000$rKQ0InN1j1k5APYfnvLNov$3zl16ype9YKOYhqbXqrsLQhFB3++wmXeUQM0yNelse0=	f	25c4c1f1-ee69-4c18-99d3-0f1d8ba6ccf3	aronkedayo@gmail.com	Kehinde	Adedayo	t	f	2024-10-12 12:33:38.728513+01	2024-10-12 12:33:38.728513+01
pbkdf2_sha256$870000$kBIH5dhK08OKvOaHoow00R$yapWnTS+vCB2YknT3tmT9G9ggKqasqA4uBEOEAiWGbU=	f	1b1dca79-1367-4e38-aae2-1358d3ceaabe	ylilfrosh@gmail.com	Lilfrosh	Froshington	t	f	2024-10-16 08:51:15.998546+01	2024-10-16 08:51:15.999673+01
pbkdf2_sha256$870000$4LkR9VkIPiTXqPp4q1sFzh$hCzxgl2XVxT4Jt0u0/TvRJkBvVuRObpEIDz1TxFrVgU=	f	903372f5-da9c-4ddb-9cab-f0133270ae91	candaceowens@gmail.com	Candace	Owens	t	f	2024-10-17 13:56:37.782438+01	2024-10-17 13:56:37.782438+01
pbkdf2_sha256$870000$vCpL6SZAvLrpRGhRThTHVf$RsuwDFtDwrHR6mTBP7mK4qlN4aIgv4L/lwt8v5ZSjDk=	f	91137df0-d0ea-4755-98a5-bce36d50529c	andrewtate@gmail.com	Andrew	Tate	t	f	2024-10-17 14:07:40.410405+01	2024-10-17 14:07:40.410405+01
pbkdf2_sha256$870000$vy1N1YHzxSPsGlGp5qsbBd$t2PnvD5p8BGez6XNKCfs92BNxXZa+tJkUVVvVPnY3Sg=	f	31d32361-efa7-4198-8460-fe1cf2787da4	tristantate@gmail.com	Tristan	Tate	t	f	2024-10-17 14:11:24.273392+01	2024-10-17 14:11:24.273392+01
\.


--
-- Data for Name: user_customuser_groups; Type: TABLE DATA; Schema: public; Owner: postgres
--

COPY public.user_customuser_groups (id, customuser_id, group_id) FROM stdin;
\.


--
-- Data for Name: user_customuser_user_permissions; Type: TABLE DATA; Schema: public; Owner: postgres
--

COPY public.user_customuser_user_permissions (id, customuser_id, permission_id) FROM stdin;
\.


--
-- Name: auth_group_id_seq; Type: SEQUENCE SET; Schema: public; Owner: postgres
--

SELECT pg_catalog.setval('public.auth_group_id_seq', 1, false);


--
-- Name: auth_group_permissions_id_seq; Type: SEQUENCE SET; Schema: public; Owner: postgres
--

SELECT pg_catalog.setval('public.auth_group_permissions_id_seq', 1, false);


--
-- Name: auth_permission_id_seq; Type: SEQUENCE SET; Schema: public; Owner: postgres
--

SELECT pg_catalog.setval('public.auth_permission_id_seq', 48, true);


--
-- Name: cart_cart_id_seq; Type: SEQUENCE SET; Schema: public; Owner: postgres
--

SELECT pg_catalog.setval('public.cart_cart_id_seq', 7, true);


--
-- Name: cart_cartitem_id_seq; Type: SEQUENCE SET; Schema: public; Owner: postgres
--

SELECT pg_catalog.setval('public.cart_cartitem_id_seq', 17, true);


--
-- Name: django_admin_log_id_seq; Type: SEQUENCE SET; Schema: public; Owner: postgres
--

SELECT pg_catalog.setval('public.django_admin_log_id_seq', 54, true);


--
-- Name: django_content_type_id_seq; Type: SEQUENCE SET; Schema: public; Owner: postgres
--

SELECT pg_catalog.setval('public.django_content_type_id_seq', 12, true);


--
-- Name: django_migrations_id_seq; Type: SEQUENCE SET; Schema: public; Owner: postgres
--

SELECT pg_catalog.setval('public.django_migrations_id_seq', 29, true);


--
-- Name: saved_items_saveditem_id_seq; Type: SEQUENCE SET; Schema: public; Owner: postgres
--

SELECT pg_catalog.setval('public.saved_items_saveditem_id_seq', 12, true);


--
-- Name: shop_item_id_seq; Type: SEQUENCE SET; Schema: public; Owner: postgres
--

SELECT pg_catalog.setval('public.shop_item_id_seq', 50, true);


--
-- Name: user_customuser_groups_id_seq; Type: SEQUENCE SET; Schema: public; Owner: postgres
--

SELECT pg_catalog.setval('public.user_customuser_groups_id_seq', 1, false);


--
-- Name: user_customuser_user_permissions_id_seq; Type: SEQUENCE SET; Schema: public; Owner: postgres
--

SELECT pg_catalog.setval('public.user_customuser_user_permissions_id_seq', 1, false);


--
-- Name: auth_group auth_group_name_key; Type: CONSTRAINT; Schema: public; Owner: postgres
--

ALTER TABLE ONLY public.auth_group
    ADD CONSTRAINT auth_group_name_key UNIQUE (name);


--
-- Name: auth_group_permissions auth_group_permissions_group_id_permission_id_0cd325b0_uniq; Type: CONSTRAINT; Schema: public; Owner: postgres
--

ALTER TABLE ONLY public.auth_group_permissions
    ADD CONSTRAINT auth_group_permissions_group_id_permission_id_0cd325b0_uniq UNIQUE (group_id, permission_id);


--
-- Name: auth_group_permissions auth_group_permissions_pkey; Type: CONSTRAINT; Schema: public; Owner: postgres
--

ALTER TABLE ONLY public.auth_group_permissions
    ADD CONSTRAINT auth_group_permissions_pkey PRIMARY KEY (id);


--
-- Name: auth_group auth_group_pkey; Type: CONSTRAINT; Schema: public; Owner: postgres
--

ALTER TABLE ONLY public.auth_group
    ADD CONSTRAINT auth_group_pkey PRIMARY KEY (id);


--
-- Name: auth_permission auth_permission_content_type_id_codename_01ab375a_uniq; Type: CONSTRAINT; Schema: public; Owner: postgres
--

ALTER TABLE ONLY public.auth_permission
    ADD CONSTRAINT auth_permission_content_type_id_codename_01ab375a_uniq UNIQUE (content_type_id, codename);


--
-- Name: auth_permission auth_permission_pkey; Type: CONSTRAINT; Schema: public; Owner: postgres
--

ALTER TABLE ONLY public.auth_permission
    ADD CONSTRAINT auth_permission_pkey PRIMARY KEY (id);


--
-- Name: authtoken_token authtoken_token_pkey; Type: CONSTRAINT; Schema: public; Owner: postgres
--

ALTER TABLE ONLY public.authtoken_token
    ADD CONSTRAINT authtoken_token_pkey PRIMARY KEY (key);


--
-- Name: authtoken_token authtoken_token_user_id_key; Type: CONSTRAINT; Schema: public; Owner: postgres
--

ALTER TABLE ONLY public.authtoken_token
    ADD CONSTRAINT authtoken_token_user_id_key UNIQUE (user_id);


--
-- Name: cart_cart cart_cart_pkey; Type: CONSTRAINT; Schema: public; Owner: postgres
--

ALTER TABLE ONLY public.cart_cart
    ADD CONSTRAINT cart_cart_pkey PRIMARY KEY (id);


--
-- Name: cart_cart cart_cart_user_id_key; Type: CONSTRAINT; Schema: public; Owner: postgres
--

ALTER TABLE ONLY public.cart_cart
    ADD CONSTRAINT cart_cart_user_id_key UNIQUE (user_id);


--
-- Name: cart_cartitem cart_cartitem_pkey; Type: CONSTRAINT; Schema: public; Owner: postgres
--

ALTER TABLE ONLY public.cart_cartitem
    ADD CONSTRAINT cart_cartitem_pkey PRIMARY KEY (id);


--
-- Name: django_admin_log django_admin_log_pkey; Type: CONSTRAINT; Schema: public; Owner: postgres
--

ALTER TABLE ONLY public.django_admin_log
    ADD CONSTRAINT django_admin_log_pkey PRIMARY KEY (id);


--
-- Name: django_content_type django_content_type_app_label_model_76bd3d3b_uniq; Type: CONSTRAINT; Schema: public; Owner: postgres
--

ALTER TABLE ONLY public.django_content_type
    ADD CONSTRAINT django_content_type_app_label_model_76bd3d3b_uniq UNIQUE (app_label, model);


--
-- Name: django_content_type django_content_type_pkey; Type: CONSTRAINT; Schema: public; Owner: postgres
--

ALTER TABLE ONLY public.django_content_type
    ADD CONSTRAINT django_content_type_pkey PRIMARY KEY (id);


--
-- Name: django_migrations django_migrations_pkey; Type: CONSTRAINT; Schema: public; Owner: postgres
--

ALTER TABLE ONLY public.django_migrations
    ADD CONSTRAINT django_migrations_pkey PRIMARY KEY (id);


--
-- Name: django_session django_session_pkey; Type: CONSTRAINT; Schema: public; Owner: postgres
--

ALTER TABLE ONLY public.django_session
    ADD CONSTRAINT django_session_pkey PRIMARY KEY (session_key);


--
-- Name: saved_items_saveditem saved_items_saveditem_pkey; Type: CONSTRAINT; Schema: public; Owner: postgres
--

ALTER TABLE ONLY public.saved_items_saveditem
    ADD CONSTRAINT saved_items_saveditem_pkey PRIMARY KEY (id);


--
-- Name: saved_items_saveditem saved_items_saveditem_user_id_item_id_4821d426_uniq; Type: CONSTRAINT; Schema: public; Owner: postgres
--

ALTER TABLE ONLY public.saved_items_saveditem
    ADD CONSTRAINT saved_items_saveditem_user_id_item_id_4821d426_uniq UNIQUE (user_id, item_id);


--
-- Name: shop_item shop_item_pkey; Type: CONSTRAINT; Schema: public; Owner: postgres
--

ALTER TABLE ONLY public.shop_item
    ADD CONSTRAINT shop_item_pkey PRIMARY KEY (id);


--
-- Name: user_customuser user_customuser_email_key; Type: CONSTRAINT; Schema: public; Owner: postgres
--

ALTER TABLE ONLY public.user_customuser
    ADD CONSTRAINT user_customuser_email_key UNIQUE (email);


--
-- Name: user_customuser_groups user_customuser_groups_customuser_id_group_id_e0a2f621_uniq; Type: CONSTRAINT; Schema: public; Owner: postgres
--

ALTER TABLE ONLY public.user_customuser_groups
    ADD CONSTRAINT user_customuser_groups_customuser_id_group_id_e0a2f621_uniq UNIQUE (customuser_id, group_id);


--
-- Name: user_customuser_groups user_customuser_groups_pkey; Type: CONSTRAINT; Schema: public; Owner: postgres
--

ALTER TABLE ONLY public.user_customuser_groups
    ADD CONSTRAINT user_customuser_groups_pkey PRIMARY KEY (id);


--
-- Name: user_customuser user_customuser_pkey; Type: CONSTRAINT; Schema: public; Owner: postgres
--

ALTER TABLE ONLY public.user_customuser
    ADD CONSTRAINT user_customuser_pkey PRIMARY KEY (id);


--
-- Name: user_customuser_user_permissions user_customuser_user_per_customuser_id_permission_a5da865d_uniq; Type: CONSTRAINT; Schema: public; Owner: postgres
--

ALTER TABLE ONLY public.user_customuser_user_permissions
    ADD CONSTRAINT user_customuser_user_per_customuser_id_permission_a5da865d_uniq UNIQUE (customuser_id, permission_id);


--
-- Name: user_customuser_user_permissions user_customuser_user_permissions_pkey; Type: CONSTRAINT; Schema: public; Owner: postgres
--

ALTER TABLE ONLY public.user_customuser_user_permissions
    ADD CONSTRAINT user_customuser_user_permissions_pkey PRIMARY KEY (id);


--
-- Name: auth_group_name_a6ea08ec_like; Type: INDEX; Schema: public; Owner: postgres
--

CREATE INDEX auth_group_name_a6ea08ec_like ON public.auth_group USING btree (name varchar_pattern_ops);


--
-- Name: auth_group_permissions_group_id_b120cbf9; Type: INDEX; Schema: public; Owner: postgres
--

CREATE INDEX auth_group_permissions_group_id_b120cbf9 ON public.auth_group_permissions USING btree (group_id);


--
-- Name: auth_group_permissions_permission_id_84c5c92e; Type: INDEX; Schema: public; Owner: postgres
--

CREATE INDEX auth_group_permissions_permission_id_84c5c92e ON public.auth_group_permissions USING btree (permission_id);


--
-- Name: auth_permission_content_type_id_2f476e4b; Type: INDEX; Schema: public; Owner: postgres
--

CREATE INDEX auth_permission_content_type_id_2f476e4b ON public.auth_permission USING btree (content_type_id);


--
-- Name: authtoken_token_key_10f0b77e_like; Type: INDEX; Schema: public; Owner: postgres
--

CREATE INDEX authtoken_token_key_10f0b77e_like ON public.authtoken_token USING btree (key varchar_pattern_ops);


--
-- Name: cart_cartitem_cart_id_370ad265; Type: INDEX; Schema: public; Owner: postgres
--

CREATE INDEX cart_cartitem_cart_id_370ad265 ON public.cart_cartitem USING btree (cart_id);


--
-- Name: cart_cartitem_item_id_f315a26e; Type: INDEX; Schema: public; Owner: postgres
--

CREATE INDEX cart_cartitem_item_id_f315a26e ON public.cart_cartitem USING btree (item_id);


--
-- Name: django_admin_log_content_type_id_c4bce8eb; Type: INDEX; Schema: public; Owner: postgres
--

CREATE INDEX django_admin_log_content_type_id_c4bce8eb ON public.django_admin_log USING btree (content_type_id);


--
-- Name: django_admin_log_user_id_c564eba6; Type: INDEX; Schema: public; Owner: postgres
--

CREATE INDEX django_admin_log_user_id_c564eba6 ON public.django_admin_log USING btree (user_id);


--
-- Name: django_session_expire_date_a5c62663; Type: INDEX; Schema: public; Owner: postgres
--

CREATE INDEX django_session_expire_date_a5c62663 ON public.django_session USING btree (expire_date);


--
-- Name: django_session_session_key_c0390e0f_like; Type: INDEX; Schema: public; Owner: postgres
--

CREATE INDEX django_session_session_key_c0390e0f_like ON public.django_session USING btree (session_key varchar_pattern_ops);


--
-- Name: saved_items_saveditem_item_id_5d883de3; Type: INDEX; Schema: public; Owner: postgres
--

CREATE INDEX saved_items_saveditem_item_id_5d883de3 ON public.saved_items_saveditem USING btree (item_id);


--
-- Name: saved_items_saveditem_user_id_cfdba685; Type: INDEX; Schema: public; Owner: postgres
--

CREATE INDEX saved_items_saveditem_user_id_cfdba685 ON public.saved_items_saveditem USING btree (user_id);


--
-- Name: user_customuser_email_2292cf6d_like; Type: INDEX; Schema: public; Owner: postgres
--

CREATE INDEX user_customuser_email_2292cf6d_like ON public.user_customuser USING btree (email varchar_pattern_ops);


--
-- Name: user_customuser_groups_customuser_id_192632a7; Type: INDEX; Schema: public; Owner: postgres
--

CREATE INDEX user_customuser_groups_customuser_id_192632a7 ON public.user_customuser_groups USING btree (customuser_id);


--
-- Name: user_customuser_groups_group_id_bcbc9e48; Type: INDEX; Schema: public; Owner: postgres
--

CREATE INDEX user_customuser_groups_group_id_bcbc9e48 ON public.user_customuser_groups USING btree (group_id);


--
-- Name: user_customuser_user_permissions_customuser_id_4552d9cc; Type: INDEX; Schema: public; Owner: postgres
--

CREATE INDEX user_customuser_user_permissions_customuser_id_4552d9cc ON public.user_customuser_user_permissions USING btree (customuser_id);


--
-- Name: user_customuser_user_permissions_permission_id_e57e8b9a; Type: INDEX; Schema: public; Owner: postgres
--

CREATE INDEX user_customuser_user_permissions_permission_id_e57e8b9a ON public.user_customuser_user_permissions USING btree (permission_id);


--
-- Name: auth_group_permissions auth_group_permissio_permission_id_84c5c92e_fk_auth_perm; Type: FK CONSTRAINT; Schema: public; Owner: postgres
--

ALTER TABLE ONLY public.auth_group_permissions
    ADD CONSTRAINT auth_group_permissio_permission_id_84c5c92e_fk_auth_perm FOREIGN KEY (permission_id) REFERENCES public.auth_permission(id) DEFERRABLE INITIALLY DEFERRED;


--
-- Name: auth_group_permissions auth_group_permissions_group_id_b120cbf9_fk_auth_group_id; Type: FK CONSTRAINT; Schema: public; Owner: postgres
--

ALTER TABLE ONLY public.auth_group_permissions
    ADD CONSTRAINT auth_group_permissions_group_id_b120cbf9_fk_auth_group_id FOREIGN KEY (group_id) REFERENCES public.auth_group(id) DEFERRABLE INITIALLY DEFERRED;


--
-- Name: auth_permission auth_permission_content_type_id_2f476e4b_fk_django_co; Type: FK CONSTRAINT; Schema: public; Owner: postgres
--

ALTER TABLE ONLY public.auth_permission
    ADD CONSTRAINT auth_permission_content_type_id_2f476e4b_fk_django_co FOREIGN KEY (content_type_id) REFERENCES public.django_content_type(id) DEFERRABLE INITIALLY DEFERRED;


--
-- Name: authtoken_token authtoken_token_user_id_35299eff_fk_user_customuser_id; Type: FK CONSTRAINT; Schema: public; Owner: postgres
--

ALTER TABLE ONLY public.authtoken_token
    ADD CONSTRAINT authtoken_token_user_id_35299eff_fk_user_customuser_id FOREIGN KEY (user_id) REFERENCES public.user_customuser(id) DEFERRABLE INITIALLY DEFERRED;


--
-- Name: cart_cart cart_cart_user_id_9b4220b9_fk_user_customuser_id; Type: FK CONSTRAINT; Schema: public; Owner: postgres
--

ALTER TABLE ONLY public.cart_cart
    ADD CONSTRAINT cart_cart_user_id_9b4220b9_fk_user_customuser_id FOREIGN KEY (user_id) REFERENCES public.user_customuser(id) DEFERRABLE INITIALLY DEFERRED;


--
-- Name: cart_cartitem cart_cartitem_cart_id_370ad265_fk_cart_cart_id; Type: FK CONSTRAINT; Schema: public; Owner: postgres
--

ALTER TABLE ONLY public.cart_cartitem
    ADD CONSTRAINT cart_cartitem_cart_id_370ad265_fk_cart_cart_id FOREIGN KEY (cart_id) REFERENCES public.cart_cart(id) DEFERRABLE INITIALLY DEFERRED;


--
-- Name: cart_cartitem cart_cartitem_item_id_f315a26e_fk_shop_item_id; Type: FK CONSTRAINT; Schema: public; Owner: postgres
--

ALTER TABLE ONLY public.cart_cartitem
    ADD CONSTRAINT cart_cartitem_item_id_f315a26e_fk_shop_item_id FOREIGN KEY (item_id) REFERENCES public.shop_item(id) DEFERRABLE INITIALLY DEFERRED;


--
-- Name: django_admin_log django_admin_log_content_type_id_c4bce8eb_fk_django_co; Type: FK CONSTRAINT; Schema: public; Owner: postgres
--

ALTER TABLE ONLY public.django_admin_log
    ADD CONSTRAINT django_admin_log_content_type_id_c4bce8eb_fk_django_co FOREIGN KEY (content_type_id) REFERENCES public.django_content_type(id) DEFERRABLE INITIALLY DEFERRED;


--
-- Name: django_admin_log django_admin_log_user_id_c564eba6_fk_user_customuser_id; Type: FK CONSTRAINT; Schema: public; Owner: postgres
--

ALTER TABLE ONLY public.django_admin_log
    ADD CONSTRAINT django_admin_log_user_id_c564eba6_fk_user_customuser_id FOREIGN KEY (user_id) REFERENCES public.user_customuser(id) DEFERRABLE INITIALLY DEFERRED;


--
-- Name: saved_items_saveditem saved_items_saveditem_item_id_5d883de3_fk_shop_item_id; Type: FK CONSTRAINT; Schema: public; Owner: postgres
--

ALTER TABLE ONLY public.saved_items_saveditem
    ADD CONSTRAINT saved_items_saveditem_item_id_5d883de3_fk_shop_item_id FOREIGN KEY (item_id) REFERENCES public.shop_item(id) DEFERRABLE INITIALLY DEFERRED;


--
-- Name: saved_items_saveditem saved_items_saveditem_user_id_cfdba685_fk_user_customuser_id; Type: FK CONSTRAINT; Schema: public; Owner: postgres
--

ALTER TABLE ONLY public.saved_items_saveditem
    ADD CONSTRAINT saved_items_saveditem_user_id_cfdba685_fk_user_customuser_id FOREIGN KEY (user_id) REFERENCES public.user_customuser(id) DEFERRABLE INITIALLY DEFERRED;


--
-- Name: user_customuser_groups user_customuser_grou_customuser_id_192632a7_fk_user_cust; Type: FK CONSTRAINT; Schema: public; Owner: postgres
--

ALTER TABLE ONLY public.user_customuser_groups
    ADD CONSTRAINT user_customuser_grou_customuser_id_192632a7_fk_user_cust FOREIGN KEY (customuser_id) REFERENCES public.user_customuser(id) DEFERRABLE INITIALLY DEFERRED;


--
-- Name: user_customuser_groups user_customuser_groups_group_id_bcbc9e48_fk_auth_group_id; Type: FK CONSTRAINT; Schema: public; Owner: postgres
--

ALTER TABLE ONLY public.user_customuser_groups
    ADD CONSTRAINT user_customuser_groups_group_id_bcbc9e48_fk_auth_group_id FOREIGN KEY (group_id) REFERENCES public.auth_group(id) DEFERRABLE INITIALLY DEFERRED;


--
-- Name: user_customuser_user_permissions user_customuser_user_customuser_id_4552d9cc_fk_user_cust; Type: FK CONSTRAINT; Schema: public; Owner: postgres
--

ALTER TABLE ONLY public.user_customuser_user_permissions
    ADD CONSTRAINT user_customuser_user_customuser_id_4552d9cc_fk_user_cust FOREIGN KEY (customuser_id) REFERENCES public.user_customuser(id) DEFERRABLE INITIALLY DEFERRED;


--
-- Name: user_customuser_user_permissions user_customuser_user_permission_id_e57e8b9a_fk_auth_perm; Type: FK CONSTRAINT; Schema: public; Owner: postgres
--

ALTER TABLE ONLY public.user_customuser_user_permissions
    ADD CONSTRAINT user_customuser_user_permission_id_e57e8b9a_fk_auth_perm FOREIGN KEY (permission_id) REFERENCES public.auth_permission(id) DEFERRABLE INITIALLY DEFERRED;


--
-- PostgreSQL database dump complete
--

